{
  "project_info": {
    "project_number": "365675970212",
    "firebase_url": "https://salary-calc-d34de.firebaseio.com",
    "project_id": "salary-calc-d34de",
    "storage_bucket": "salary-calc-d34de.appspot.com"
  },
  "client": [
    {
      "client_info": {
        "mobilesdk_app_id": "1:365675970212:android:22256f208bb50dd651b031",
        "android_client_info": {
          "package_name": "com.smok95.salary_calc"
        }
      },
      "oauth_client": [
        {
          "client_id": "365675970212-isq34lvf8kbarbtaps5hqgon0hegoia8.apps.googleusercontent.com",
          "client_type": 3
        }
      ],
      "api_key": [
        {
          "current_key": "AIzaSyC6Cqyrk_n2HXv481LIIssWWlQ4ir9ChGE"
        }
      ],
      "services": {
        "appinvite_service": {
          "other_platform_oauth_client": [
            {
              "client_id": "365675970212-isq34lvf8kbarbtaps5hqgon0hegoia8.apps.googleusercontent.com",
              "client_type": 3
            }
          ]
        }
      }
    }
  ],
  "configuration_version": "1"
}